【入力見本】20260112【質問ピックアップ表】,,,,,,,
回答済,Time,User,質問,回答方法,コメント補足,回答,メモ
TRUE,19:01:35,Guest3129032968,見えないなんで？,運用者コメ,,,FAQ追加
TRUE,19:02:00,Guest647986581,音が聞こえないのはなぜ,運用者コメ,,更新をかけていただくと映像、音声が出るようになります。,FAQ追加
,19:02:08,Guest3530291532,どちらのお店から配信ですか〜？,スルー,,,
TRUE,19:02:23,ちゃちゃ,今日はバレンタイン？,出演者,,,
TRUE,19:03:27,Guest74396,ネットで購入した場合、いつ発送になりますか？,運用者コメ,,発送に関して通常のご注文の場合は、遅くとも5日程で発送いたします。なお、ご希望配送日時を指定された場合は、この限りではございません。,
TRUE,19:03:33,Guest14983,文字は隠せないですか？,運用者コメ,,画面の「チャット」をタップすると文字を非表示にすることが可能です。,FAQ追加
TRUE,19:03:58,Guest74396,ネットで購入した場合、いつ発送されますか？,運用者コメ,,,
,19:04:56,びびちゃん,あや見てるー？,スルー,,,
,19:05:41,Guest1740,グッズ映ってないの私だけ？,スルー,,,
,19:05:49,ぴろみ,なぜ犬と猫？,スルー,,,
,19:05:53,かめかめず59959,おじさんが買ってもよき？,スルー,,,
,19:06:11,さく21231,猫の日も近いから?,スルー,,,
,19:06:13,kiyo,なにっ！？,スルー,,,
,19:06:15,Guest6159823861,買えるかな😭😭,スルー,,,
,19:06:19,Guest9400040521,オンラインストアってどうやって買うんですか…？,,,,FAQ追加
,19:06:24,miki,誕生日ギフトチケットは使えますか?,,,,FAQ追加
TRUE,19:06:27,ポッキー,購入制限１つはどれですか？,運用者コメ,,販売の個数制限に関してオンラインストア販売は明日の朝6時まで、一会計あたり各商品１点までご購入いただけます。,FAQ追加
,19:06:35,ちゃちゃ,毎年犬と猫がテーマ？,出演者,,,
TRUE,19:06:42,あさ,今日買ったらいつ発送なんだろう？🤔,運用者コメ,,発送に関して通常のご注文の場合は、遅くとも5日程で発送いたします。なお、ご希望配送日時を指定された場合は、この限りではございません。,
,19:06:47,まる🎀,今回の蓋付きタンブラー初めて採用ですか！？？,,,,
,19:06:53,あいちゃん,グリッターのタンブラー中栓含めてお手入れ方法知りたいです,,,,
,19:07:01,ともちゃん,おじさんが購入していいですか?,スルー,,,
TRUE,19:07:10,Guest153277992,Venti入りますか？,出演者,,,
,19:07:13,♡しょこら♡,何犬ですか⁉️,,,,
TRUE,19:07:18,Guest8698763335,ベージュですか？,出演者,,,
,19:07:34,ひよ,こちら完全密閉ですか？,,ToGO,,
,19:07:36,かめかめず59959,中国産ですか？,スルー,,,
,19:07:40,Guest9552568436,漏れない仕様ですか？,,,,
,19:07:42,Guest6179778513,本体は,,,,
,19:07:44,Guest359575151,保温機能はありますか？,,,,
TRUE,19:07:46,かなやん,グランデは入りますか？,出演者,,,
,19:07:51,Guest6179778513,艶消しな感じでしょうか,,,,
,19:07:53,Guest1151616593,保温力はどのくらいですか？,,,,
,19:07:59,子猫,表のハートはゴールドですか？,,,,
,19:08:02,Guest5482722862,完全密封、保温機能気になります！,,ToGo,,
,19:08:10,かめかめず59959,グランデとはなんですか？,,,,
,19:08:12,けい,密閉ですか？,,ToGoボトル,,
,19:09:17,Guest6183586432,重さがきになります！,,チョコレートマグ,,
,19:09:19,ルカ,バッグの中で横にしたら漏れますか？,,チョコレートマグ,,
TRUE,19:09:21,Guest9481615213,こちら、電子レンジ可能ですか？,出演者,マグカップ,マグカップに関して電子レンジはご使用可能です。食洗機はNGになります。,
,19:09:23,Guest5389073629,こぼれませんか？,,,,
,19:09:25,Guest3542688786,わんちゃんって初めてですかね？,,,,
,19:09:28,あこぱん,チョコの部分は盛り上がってますか？,,,,
,19:09:29,Guest4472691522,重めですか？,,,,
TRUE,19:09:31,ku,レンジ対応ですか？？,,,,
,19:09:33,ぴろみ,犬いない？,,,,
TRUE,19:09:35,ちゃちゃ,電子レンジ使えますか？,,,,
,19:09:37,Guest7354742688,オンラインでしか購入できないですか？,,,,
,19:09:39,まみ,わんちゃんって初めてですかね？,,,,
TRUE,19:09:41,にこ,マグは食洗機対応してますか？,,,,
,19:09:44,Guest88055,マグ重さは？,,,,
,19:09:50,Guest5439954289,わんちゃんはベージュ？？,,,,
,19:09:52,ミココ,コースターは手洗い？,,,,
,19:09:55,kouu,カップ乗せて欲しいです,出演者,,,
TRUE,19:09:57,ku,レンジ対応でか？,,,,
,19:09:59,ゆうゆう,柔らかさはどれくらいですか,,,,
,19:10:01,Guest89213,コースターだけど蓋にも使えないかな？,,,,
,19:10:03,Guest72922,タンブラーが漏れないのか気になります,,,,
TRUE,19:10:05,はじめ,洗えますか？,,,,
,19:10:06,テラ,マグカップ、飲み口厚いですか？い,,,,
,19:10:08,Guest7354742688,SNSではもっと違うデザインもたくさんあがってましたが、それは店舗限定なんですか？,,,,
TRUE,19:10:10,Guest9352152463,洗えますか?,,,,
,19:10:12,Guest4888222361,コースターも先行で今夜買えるのですか？,,,,
,19:10:13,Guest6343825009,花粉症ですか？心配です,,,,
,19:10:15,Guest64196,値段はいくらですか？,,,,
,19:10:16,Guest10780,タンブラーとボトルの違いは何ですか？,,,,
,19:10:18,Guest801853990,鼻水どーでもよくない？,スルー,,,
,19:10:21,Guest30057,ボトルの方、横に倒れたら結構こぼれますか？,,,,
,19:10:22,あづき,コースターはシリコンですか？,,,,
,19:10:24,リサ,マットは抗菌？,,,,
,19:10:26,Guest6302595672,コースターは^_^こちらは店頭は１４日ですよね？？,,,,
,19:10:28,LUNA,どの程度マットな感じ？,,,,
,19:10:29,ももんが96346,風邪引いてますか？,スルー,,,
,19:10:31,Guest81023,コースターはカップの蓋にはならないですか？,,,,
,19:10:33,かよ,コースターの素材はなんですか？,,,,
,19:10:34,Guest5256186840,コースターはカップカバーにも使えますか？,,,,
,19:10:36,わんわんお,そのコースターにピンクベージュのマグカップ乗せてみて欲しいです,,,,
,19:10:37,choco,他の犬種もお願いします,,,,
,19:10:39,Guest1430210046,コースターは発売日ずれてましたよね？,,,,
,19:10:40,マハロン,風邪ですか？🤧,,,,
,19:10:43,Guest86668,初見です！！グラスは熱いやつ入れても大丈夫ですか？？（保温ってどのくらい持ちますか？）,,,,
,19:10:44,ユウ🍒,コースターは、21日じゃないのかな？、どっちだろ🍒,,,,
,19:10:46,Guest4888222361,コースターは今夜買えますか？,,,,
,19:10:49,マハロン,花粉症ですか？😷,,,,
,19:10:50,Guest2897374545,先程のコップは食器乾燥機は可能ですか？,,,,
,19:10:52,Guest5871456954,蕎麦食べてる人いますか？,,,,
,19:10:53,♡しょこら♡,文字はゴールド⁉️,,,,
,19:10:55,Guest4163052333,耐熱ですか？,,,,
,19:10:59,子猫,表の文字やハートはゴールドですか？,,,,
,19:11:01,Guest287344910,マグカップについて、底にディッシュウォッシャーsafeと記載がありますが、食洗機不可で間違いないですか？,,,,
,19:11:03,べるげん,鼻すすってるの大丈夫,,,,
TRUE,19:11:05,みっちゅんちゅんら,ダブルウォール？,,耐熱ダブルウォール,,
,19:11:07,ねこ50571,風邪引いてます？,,,,
,19:11:09,Guest4132112202,食洗機使えますか？,,,,
,19:11:12,Guest8900710089,かわいいけど食洗機だめなんですよね？それが残念〜😭,,,,
,19:11:14,かよ,ダブルウォールの英文字は何て書いてありますか？,,,,
,19:11:15,Guest77587,ホットもいけますか？,,,,
,19:11:16,みつばち,鼻かんできて,スルー,,,
,19:11:18,べるげん,鼻すすってるの大丈夫？？,スルー,,,
,19:11:19,ハッセー,風邪？,スルー,,,
,19:11:27,Dexter,鼻だいちょうぶ？,スルー,,,
,19:11:28,Guest1551215763,泣いてませんか大丈夫？,スルー,,,
,19:11:30,かめかめず59959,タンブラーの容量は？,,,,
,19:11:32,マハロン,鼻かんだらどぉですか？,スルー,,,
,19:11:36,さく46781,20:00から会員登録しておけば20：00ちょうどにアプリから買えるんですよね？,,,,
,19:11:40,サリー,お風邪ひいてませんか？大丈夫かな？,スルー,,,
,19:11:41,Guest94713,鼻水平気ですか？？,スルー,,,
,19:11:43,きのこ,後ろ見せて！,,,,
,19:11:45,トミイ,体調悪いのかな？お疲れ様です,スルー,,,
,19:11:49,Guest6633965684,普通のお店では何時から販売ですか？,,,,
,19:11:53,Guest94713,鼻水大丈夫ですか！,スルー,,,
,19:11:55,たあ坊,チョコレートマグの重さはどのくらいですか？,,,,
,19:12:02,いちさん,商品はたくさんご用意がありますかー？,,,,
,19:12:30,ぴろみ,ベアリスタ大きい？,,,,
,19:12:32,Guest4472691522,コースターにボトル置いたの見たいです,,,,
,19:12:34,えっちゃん,鼻すすりのことたくさんの方がコメントされています…コメント読んでいますか？,スルー,,,
,19:12:36,Guest911891886,わんちゃんはトイプーがモデルですか？,,,,
,19:12:38,Guest61283,店舗でも買える？,,,,
,19:12:39,Guest1816434483,茶色ですか？🤎ピンクですか？？🩷,,,,
,19:12:41,ももも,色は変わりますか？,出演者,,,
,19:12:42,Guest61283,店舗でもかえる？,,,,
,19:12:45,Guest5482722862,買えるかなー,,,,
,19:12:47,りん70686,花粉症大丈夫ですか？,スルー,,,
,19:12:48,Guest7354742688,今紹介されているアイテムは店舗でも購入可能ですか？,,,,
,19:12:50,yuzupon,コースターはカップの蓋にもなりますか？,,,,
,19:12:52,Guest5393042496,二個とか買えますか？オンラインで,,,,
,19:12:53,トミー,これは店頭販売のみですか？,,,,
,19:12:58,かめかめず59959,塩ビですか？,,,,
TRUE,19:13:12,Guest4635920170,カップ熱くなりますか？持てますか？,出演者,,,
,19:13:18,Yuki,白🤍❓,出演者,,,
TRUE,19:13:24,Guest2897374545,食器乾燥機は可能ですか？,運用者コメ,,バレンタイン2026カラーチェンジングリユーザブルカップは食洗機電子レンジ使用NGになります。,
,19:13:27,かよ,コーヒー入れると白ではない？ですか？？,出演者,ユユーザブルカップ,,
,19:13:29,Guest71923,冷めてくると色が戻ってくるのですか？,出演者,ユユーザブルカップ,,
,19:13:35,わか☕️,何度で色変わるんだろー？,,,,
,19:13:37,ポッキー,購入制限はありますか？,運用者コメ,,,
,19:13:38,Guest82695323632,冷めると戻る？,出演者,,,
,19:13:40,Guest6310415333,耐熱性はどのくらいですか？,,,,
TRUE,19:13:41,ももんが96346,こちらはオンラインで購入できますか！？,出演者,,,
,19:13:43,にゃんこちゃん,これもまた日向に当たるとずっと色はチェンジできるのですか?,,,,
,19:13:45,なお,キャップもかわる？,,,,
TRUE,19:13:47,Guest61283,店舗でかえる？,出演者,,,
,19:13:49,Guest82020,鼻をすする音が😓😓他に担当出来る方はいなかったのですか？,スルー,,,
,19:13:50,nico,べアリスタキャップの頭の上のフック？は何のために付いてますか～!?,出演者,,,
,19:13:51,なつ,ココアとか入れてもこの色でしょうか？,,,,
,19:13:53,Kelly,レンジ使えますか？,運用者コメ,,,
,19:13:54,Guest30057,持てますか？外すごく熱そう,出演者,,,
,19:13:56,Guest287344910,マグカップについて、底にディッシュウォッシャーsafeと記載がありますが、食洗機不可で間違いないですか？どちらが正しいか知りたいです〜！,,,,
,19:13:58,いちさん🍓,いつもより多めに販売数あったりしますか？,,,,
,19:13:59,まみ,可愛い、わんちゃんって初めてですかね？,運用者コメ,,,
,19:14:01,かよ,黒っぽいコーヒーを入れると綺麗な白になりますか？,,,,
,19:14:07,Guest9552568436,何度くらいで色が変わりますか？,,,,
,19:14:16,Guest1448725361,コーヒー入れたら白じゃなくなりますか？,,,,
,19:14:18,なお,キャップのいろもかわる？,,,,
TRUE,19:14:19,Guest7645850486,何度まで大丈夫ですか？,運用者コメ,,"バレンタイン2026カラーチェンジン
グリユーザブルカップ473mlの耐熱温度は120℃になります。",
TRUE,19:14:21,ネコ吉,何度まで入れられるのかしら？？,運用者コメ,,,
,19:14:22,Guest2897374545,食器乾燥機は使えますか？,運用者コメ,,,
,19:14:24,Guest6495290992,どんな感じの素材なんでしょうか?,,,,
,19:14:27,もも,これってコーヒーだったら何色になるんだろ,,,,
,19:14:28,Guest18062,今日買うといつ届きますか？,運用者コメ,,,
TRUE,19:14:30,Guest64352,さっきの耐熱グラスは店頭販売ありますか？,出演者,,,
,19:14:32,きのこ,５番の商品、後ろを見せて！,,,,
,19:14:39,わか☕️,確かに！コーヒー入れたら何色に見えるんだろ？,,,,
,19:14:42,Guest61283,お店はいつから？,運用者コメ,,,
,19:14:57,かめかめず59959,お店ではどうやって買えますかぁ?,運用者コメ,,,
,19:15:00,きのこ,ダブルウォールの後ろを見たい！！,,,,
,19:15:03,Guest7354742688,猫のタンブラー店頭でも販売しますか？,,,,
,19:15:08,ゆき❤,ユーザブルカップ  値段はいくらかなぁ？？,,,,
TRUE,19:15:31,Guest24699,スタンレーは横にするとこぼれるよね？,出演者,,,
,19:15:33,ウラル,これ鞄に入れた時に飲み物こぼれますか？？,,,,
TRUE,19:15:37,Guest4132112202,カバンに入れると飲み物が漏れたりしますか？,出演者,,,
,19:15:50,ユウ🍒,先日のと、色違いだね？,,,,
TRUE,19:15:54,Guest6736861554,これは漏れますよね？,出演者,,,
,19:15:57,Guest6429694690,お値段いくらですか？,,,,
TRUE,19:15:59,Guest50060,こぼれない？,出演者,,,
TRUE,19:16:06,Guest712713119,ストローの差し口から漏れない？,出演者,,,
,19:16:15,ポッキー,購入制限は全商品ありますか？,,,,
,19:16:23,Guest6495290992,ドリンクホルダーに入る感じなんでしょうか?,,大きいスタンレー,,
TRUE,19:16:27,Guest3507220718,スタンレーって耐熱性？,出演者,,,
TRUE,19:16:29,Guest1147986667,暖かいの入れれない？,,スタンレー,,
,19:16:36,Guest2628656967,ピンクはっきり見えますか,,,,
,19:16:45,Guest5513417814,ストローはどんな素材ですか？,,スタンレー,,
,19:16:59,Guest3547237468,スタンレー重いですか？,出演者,,,
,19:17:02,Guest4989675853,リユーザブルカップルはホットコーヒーを入れても透明になりますか？,,,,
,19:17:11,Guest74174,ストローの蓋付きは販売予定ありませんか,,,,
,19:17:12,さく,ベンティはいりますか？,,,,
,19:17:28,ありあ,リユーザブルカップと一緒にリザーブの革スリーブ買えばいいのかな⁉️,,,,
,19:17:29,Guest92994,完全密封ですか？？？,,,,
,19:17:32,かめかめず59959,市販のマホービンとどう違いますか？,,,,
,19:17:34,Miku,容量は？,,,,
,19:17:36,Guest4132112202,フタがコップになりますか？,,,,
,19:17:42,Guest344993554,スタンレーは炭酸を入れることはできませんか？,,,,
,19:17:44,Guest92994,完全密封ですか？？？？,,,,
,19:17:55,Guest92994,完全密封ですか!!!!!!,,,,
,19:17:58,Guest90001,店舗は１４日に全店舗販売でしょうか？,運用者コメ,,,
,19:18:07,Guest1224620921,スタンレーボトルはベンティサイズ入りますか？,,,,
,19:18:13,Guest122367591,触った感じ柔らかいですか？,,,,
,19:18:19,Guest56647,容量が知りたかったです！,,,,
,19:18:24,かめかめず59959,猫ちゃんに名前はありますか？,スルー,,,
,19:18:26,Stb,約２万人ですか？こっから戦争？笑,スルー,,,
TRUE,19:18:31,Guest81567,サイズ感知りたい！,出演者,,,
,19:18:32,はーたん,ハートはラバー素材かな？かわいー！！！！,,,,
,19:18:36,Guest5553467298,ストーンピンク紹介ありましたか？これからですか？✨,,,,
,19:18:37,みるく59288,コースターの店頭販売は21日〜ですか？,運用者コメ,,,
,19:18:47,Guest45147,６時間で６０から８０度保温しているみたいなテスト結果で知りたい保温性,,,,
,19:18:52,アリエル,入りますか,,,,
,19:19:07,Guest4888222361,ワンコは？,,,,
,19:19:10,リサ73782,スマホは入らないですか？,出演者,ポーチ,,
,19:19:11,アリエル,スタバケース入りますか,,,,
,19:19:20,みーな,軽いで軽いですか？,,,,
,19:19:35,かめかめず59959,ペットショップの猫は売れ残ればどうなりますか？,スルー,,,
,19:19:47,リサ,犬と猫、どっち推しなの〜？,,,,
,19:19:56,peachゞ,漏れにくいだけで漏れる？,,,,
,19:19:58,Guest56647,ひとつ前の容量は？？,,,,
,19:20:00,Guest3129032968,これは倒れてもこぼれにくいんですか？？,,,,
,19:20:01,Guest92994,スタンレーは完全密封ですか？？？？？,,,,
,19:20:03,かよ,猫ちゃん正面のお顔をお願いします！,出演者,,,
,19:20:05,こねこ,漏れにくいんですか？！,,,,
,19:20:12,クルミッ,光りますか？,,,,
,19:20:14,ミココ,猫に寄ってみれない？,出演者,,,
,19:20:17,Guest7204627706,蓋の色は赤ですか？,,,,
TRUE,19:20:21,Guest4572670586,ドーム洗えますか？,出演者,※後ほどしらべて回答,バレンタイン2026カップシェイプステンレスボトルハートに関して洗浄の際はドームを外してください。ドームは固く絞った柔らかい布で拭きとってください。,
,19:20:23,かめかめず59959,30歳のおじさんが持つと恥ずいですか？,スルー,,,
TRUE,19:20:24,Guest30057,ドームの赤いところスポンジですか？質感が…,出演者,,,
FALSE,19:20:28,かよ,猫のお顔を正面からお願いしますー,出演者,,,
FALSE,19:20:35,Guest4414948359,こぼれやすい？,,,,
FALSE,19:20:45,Guest9552568436,ストラップ部分は取り外しできますか？,,,,
FALSE,19:20:47,Guest9720,鼻水さん戻ってきた？,,,,
FALSE,19:20:49,Guest94211,なんか2層になってるガラス製のグラスってもう紹介されましたか？,,,,
FALSE,19:20:51,あやこやあ,ストラップは取れますか？,,,,
FALSE,19:20:53,ゆん💕,保温はどんな感じ？,,,,
FALSE,19:20:54,ピンク,重さはどうですか？,,,,
FALSE,19:20:59,Guest6135339136,ひっくり返しても漏れないですか？,,,,
FALSE,,,バレンタイン2026ログマグチョコレート355mlに関して,小松原さんより,,"バレンタイン2026ログマグチョコレート
食洗機NGと案内しましたが電子レンジ食洗機共に使用可能になります。",←案内ミスなので出演者から答えてください
,19:21:03,Guest4491436650,横に倒しても漏れませんか？,,,,
,19:21:06,Guest9204981393,漏れにくいっていってたけど、漏れることもあるってこと？,,,,
,19:21:08,こねこ,カバンに入れて持ち歩けますか？,,,,
,19:21:09,Guest654055891,マグネット付けたまま空けれますか？,,,,
,19:21:11,Guest5343621207,漏れやすいかな…,,,,
,19:21:12,わか☕️,！！！ストラップのところのボタン取り外せますか？！！！！！！！！,,,,
,19:21:14,Guest4577477966,保温ですか？,,,,
,19:21:20,Miku,持ち手はシリコンですけ？,,,,
,19:21:21,sakura🌸,カバンに入れても、こぼれませんか？,,,,
,19:21:23,びびちゃん,磁力の強さ気になる🧲,,,,
,19:21:24,Guest7243759887,色は、ベージュですか？,,,,
,19:21:26,Guest7307232448,このドームはハロウィンの時と同じサイズ❓,出演者,,,
,19:21:30,さくら,昨年のピンクグリッターとは違いますよね？,,,,
,19:21:41,ろろこ,表面はザラザラしてますか？,出演者,,,
,19:21:43,よい,表面はツルツル？ザラザラ？,出演者,,,
TRUE,19:21:45,0,二つ並べて見せて！,,,,
,19:21:47,Guest56140,全部オンラインでしょうか,,,,
TRUE,19:21:52,Guest252788809,手にラメつきませんか？,出演者,,,
TRUE,19:21:54,sakura🌸,手触りは、どんな感じですか？,出演者,,,
,19:21:57,Guest3129032968,ピンクとレッドを並べたところをアップで見たいです！,,,,
,19:21:58,Guest31983,横にしたら漏れやすいですか？,,,,
,19:22:04,るる,学校に持って行くのに向いてますかー？？,,,,
,19:22:06,Guest5976932982,色は結構薄いピンクですか？,,,,
,19:22:08,Guest9853695917,一番人気何になるの？,,,,
TRUE,19:22:10,Guest6578517002,表面は？,出演者,,,
TRUE,19:22:12,はまよし,きらきら部分は、ザラザラしてますか？,出演者,,,
,19:22:14,Guest2578257221,ラメは完全密封ですか？,,,,
TRUE,19:22:15,コージー🐶,手触りはザラザラかな？,出演者,,,
TRUE,19:22:18,Guest9204981393,薄いピンク？,出演者,,,
,19:22:19,Guest38609,カバンに入れても漏れませんか？,,,,
,19:22:21,Guest69235,グリッターの質感残ってますか？,,,,
,19:22:22,Guest182573409,重さ教えてください,,,,
,19:22:24,Guest71651,ゴムはどうやって洗えばいいですか？,,,,
,19:22:25,サマンサ,以前あったカラーと同じですか？,,,,
,19:22:27,Guest4676385979,保温タイプですか？,,,,
,19:22:28,みーな,一個飛ばしてない？,スルー,,,
,19:22:30,Guest9641261241,ラメ禿げたりしますか？,,,,
,19:22:31,Guest8186251394,ミルク入れていいの？,,,,
,19:22:33,Guest965677910,グリッター取れやすいかな？,,,,
,19:22:35,Guest4190760763,十番説明？,,,,
,19:22:38,Guest93306,蓋開けると、飲み物垂れてきますよね？,,,,
,19:22:41,サリー,漏れないかしら…,,,,
,19:22:43,Guest2435973116,ピンクと赤を並べてみたいです,,,,
TRUE,19:22:45,0,並べてー,出演者,,,
,19:22:46,みっちゅんちゅんら,メッセージ出るかな,,,,
,19:22:48,Guest6249787169,ミルクは入れられる？,,,,
,19:22:49,るる,学校に持って行くのに向いてますかーー？🩷🩷,,,,
,19:22:51,Guest6578517002,漏れるの？,,,,
,19:22:54,Guest1801385669,これ傾けると液漏れしませんか？,,,,
,19:22:56,わか☕️,あれ？ニャンコの大容量カップの紹介まだしてない？？？？？？,,,,
,19:22:57,Guest7803616283,ラメは手につかないかな？,,,,
,19:22:58,Guest2578257221,完全密封ですか？,,,,
,19:22:59,ピンク,食洗器は対応できますか？,,,,
,19:23:02,miiiipo,レッドとピンクみなさまのおすすめどちらですか？,,,,
,19:23:05,Guest5976932982,赤の方は結構赤味強いですか？,出演者,,,
,19:23:07,Guest110143116,チョコのタンブラーは終わっちゃったかな,,,,
,19:23:09,Guest13403,赤？濃いめピンク？,出演者,,,
,19:23:11,sakura🌸,色は、派手過ぎではありませんか？,出演者,,,
,19:23:13,Guest3129032968,レッドと書いてるけど、ピンクより？,出演者,,,
,19:23:15,Guest203105064,濃い方は去年のものと色一緒ですか？？,,,,
,19:23:17,Guest9962320252,赤もくすみカラーですか？,出演者,,,
,19:23:19,Guest52447,店頭には並びますか？🩷🩷,,,,
,19:23:20,Guest53829,ブラウンぽい赤なのかしら,,,,
,19:23:22,ゆゆ,グラス色つきの紹介して欲しい,,,,
,19:23:23,Guest9076749964,ピンクよりの赤ですか？,出演者,,,
,19:23:25,Guest1198279205,濃いピンクって感じですか？,出演者,"ステンレスボトルグリッターについて
コメント多いので演者より",,
,19:23:27,るる,学校に持って行くのに向いてますかー？🩷,,,,
,19:23:28,Guest4684814801,昨年のピンクとは色味が違いますか？、,出演者,,,
,19:23:30,Guest5976932982,赤よりですか？ピンクよりの赤ですか？,出演者,,,
TRUE,19:23:32,Guest5767446555,容量は,出演者,,,
,19:23:35,子猫,猫ちゃんのタンブラーは？？,,,,
,19:23:37,Guest182573409,ラメは剥がれる素材ですか？コーティングされていますか？,,,,
,19:23:39,ぷりん,スワロフスキーを使ってるのですか？,,,,
,19:23:42,Guest9637966312,すぐ売り切れますかね？,,,,
,19:23:56,Guest84005,かなり赤ですか？？,出演者,,,
TRUE,19:23:59,ゆか32933,重いですか？,出演者,,,
,19:24:02,Guest767640899,りこ　　どんなピンクですか？,,,,
,19:24:04,Guest64196,買う人いるんですか？,,,,
,19:24:07,こねこ,漏れないですか？！,,,,
,19:24:08,Guest59387,石は取れませんか？,,,,
,19:24:10,Guest1026085208,赤ですか？,出演者,,,
,19:24:11,Guest9194569101,赤一色ですか？,出演者,,,
,19:24:13,Guest84005,完全密閉ですか？,,,,
,19:24:14,テラ,洗えますか？,,,,
,19:24:16,Guest337458404,買えるかな,,,,
,19:24:18,Guest67363,ねこちゃんのストローマグ出ましたか？,,,,
,19:24:21,ぽわんぽわん,このストーンは🟥ですか？,,,,
,19:24:23,peachゞ,どうしてラインストーンはお高いのでしょうかねぇ,,,,
,19:24:24,ゆいぴ,キラキラ取れにくいですか？,,,,
,19:24:26,わか☕️,10番の紹介は忘れられた、、？🐈💦,,,,
,19:24:27,Guest84005,赤ですか？,,,,
,19:24:29,るり,何色ですか？,,,,
,19:24:30,Guest59387,取れた場合の修理はできますか？,,,,
,19:24:31,Guest358459329,中蓋は,,,,
,19:24:33,Guest1349,オンライン限定ですか？,,,,
,19:24:35,Guest9962320252,パーツは洗っても剥がれませんか？？,,,,
,19:24:38,Guest5489010476,チョコバージョンの同じ量出すか？,,,,
,19:24:39,Guest816736302,ピンクなんだ？,出演者,,,
,19:24:41,Guest91593,何色ですか？ピンク？赤？,出演者,,,
,19:24:43,Guest4599838733,取れませんか？,,,,
,19:24:45,こつぶ,洗えるの？？,,,,
,19:24:46,まみ,どこで使う？,,,,
,19:24:47,さく46781,このピンクはさっきのレッドと並べて欲しいですう,出演者,,,
,19:24:49,Guest5027869898,お値下けお願いします🙏,,,,
,19:24:51,Guest2294923209,手洗いできますか？,,,,
,19:24:53,はぎ,福袋の当たりと同じ仕様？,,,,
,19:24:54,ryu,キラキラタンブラーは先着ですか？,,,,
,19:24:56,みーな,10番の紹介はどこへ、、🤭,,,,
,19:24:57,Guest3129032968,このライブ終わって再度見る方法教えてほしいですー,,,,
,19:24:59,わか☕️,ニャンコの大きいタンブラーわすれてない！？,,,,
TRUE,19:25:01,Guest3129032968,猫ちゃんスロトーは？,,,,
TRUE,19:25:03,Guest4719694984,ネコのコールドタンブラーは？！！！,,,,
,19:25:07,ルカ,あれ？,,,,
,19:25:08,あーや63923,タンブラーは？？,,,,
TRUE,19:25:10,まる🎀,あれ？猫のタンブラーは？,,,,
,19:25:13,みるく59288,コースターは21日からですか？,,,,
,19:25:15,Lina,コールドタンブラーは？,,,,
TRUE,19:25:16,Guest7354742688,猫ちゃんのタンブラーは？！,出演者,,,
TRUE,19:25:18,Guest1776979231,猫のタンブラーは？,出演者,,,
TRUE,19:25:19,Guest1005782341,猫ちゃんのタンブラーまだ！！,出演者,,,
,19:25:21,Guest9194569101,キラキラタンブラー、金とか銀が散りばめられてますか？,,,,
TRUE,19:25:22,Guest8560433290,猫ちゃんのストローは？,出演者,,,
TRUE,19:25:25,Guest1005782341,猫ちゃんのタンブラーは？？,出演者,,,
,19:25:27,Guest6692828492,もう一回猫ちゃんの二つ紹介して欲しいです！！！！,,,,
TRUE,19:25:29,Guest7509183457,猫の大きなやつ見たいです！,出演者,,,
TRUE,19:25:31,Guest81686,猫ちゃんのストロータンブラーは？🐱,出演者,,,
TRUE,19:25:34,はじめ,猫のタンブラーがまだでは？,出演者,,,
,19:25:36,Guest77587,ダブルウォールの2個セット紹介して欲しいー！,,,,
,19:25:37,Guest2965197599,赤に見えますがピンク？,,,,
,19:25:38,Guest71133,タンブラーはタンブラーはオンラインだけ？,,,,
,19:25:40,わんわんお,そのコースターにピンクベージュのマグカップを乗せてみてください,,,,
TRUE,19:25:43,Guest915304380,ネコタンブラーは？？,出演者,,,
,19:25:45,Guest61283,リユーザブルカップは全店舗で買えますか？,,,,
,19:25:47,Guest36896,グラスのセットは？？,,,,
,19:25:48,ウラル,こちらは保冷機能ありますか？？,,,,
TRUE,19:25:50,Guest4481592195,個数制限はありますか？,運用者コメ,,,
,19:25:52,Guest3652990606,グラス2個セットの色味見たいですー,,,,
,19:25:53,Guest6288150314,チョコレートのタンブラーの紹介終わってしまいましたか？,,,,
,19:25:55,Guest851116684,これってどこで使うもん？,,,,
,19:25:58,Guest2066166194,店頭は14日と21日ということですか？,運用者コメ,,,
,19:25:59,Guest1147544132,蓋の裏も見たいです,,,,
,19:26:01,Guest3280288430,ラインストーンのタンブラーも店頭販売ありますか？,,,,
,19:26:03,Guest113559052,オンライン限定のグラスは紹介しませんか？,,,,
,19:26:05,Guest182573409,耐熱何度ですか,,,,
,19:26:06,Guest36896,グラスのギフトセット？,,,,
,19:26:08,Guest4719694984,ホットのドリンクは入りますか？も入れられますか？,,,,
,19:26:10,0,ホワイトデーは犬？,,,,
,19:26:12,はじめ,ダブルウォールですか？,,,,
,19:26:13,Guest50339,ピンクもオンラインで買えますか？,,,,
,19:26:15,Sorakub,もっかいピンクの紹介して欲しい！！,,,,
,19:26:17,Guest4481592195,1人2個買えますか？,,,,
,19:26:19,Guest1349,ゴージャスなやつオンライン限定ですか？個数も！,,,,
,19:26:20,メグ,完全密封じゃないですよね？,,,,
,19:26:22,ゆゆ,ペアセット紹介して欲しい,,,,
,19:26:24,Guest1147544132,柄は内側についてるんですか？,,,,
TRUE,19:26:25,ちょこちょこ♡,冷たいドリンク入れると曇りますか？,出演者,,,
,19:26:27,Guest5093715867,冷たいものだけ？,,,,
,19:26:28,Guest28005,チョコのやつみえなかったのでみたいです,,,,
,19:26:29,Guest6356760943,チョコレートのタンブラーの裏側のわんちゃんが見たいです！！,,,,
,19:26:32,Guest4261040597,二層のグラスもう一度紹介をお願いできませんでしょうか？,,,,
,19:26:34,ウラル,飲み物こぼれますか？？,,,,
,19:26:35,Guest2682595205,アーカイブのこりますかる,,,,
,19:26:37,Guest18503,漏れますか?,,,,
,19:26:39,Guest1147544132,柄ははげませんか？,,,,
,19:26:41,Guest82591,ストロー洗えますか？,,,,
,19:26:43,Guest5489010476,保温が高いのはどれですか？,,,,
,19:26:47,Guest9296610563,ダブルウォールグラスのピンクと茶色のヤツは？,,,,
,19:26:49,Guest1349,ピンクのキラキラのやつは個数限定ですか？,,,,
,19:26:51,0,犬はホワイトデーかな？,,,,
,19:26:53,ゆゆ,グラス2個セット紹介して欲しい,,,,
,19:26:54,Guest90001,オンラインは紙袋はつけられますか？,,,,
,19:26:56,Guest27961,ホット入れるの厳しいかな,,コールドカップタンブラーキャット,,
,19:26:58,Guest4719694984,耐熱90度ですが、ホットはいれ,,,,
,19:27:00,Guest2682595205,アーカイブのこりますか？,運用者コメ,,,
,19:27:02,Guest914417643,ダブルウォールグラスのペアグラスは見せて貰えますか？,,,,
,19:27:17,ryu,ストーンのタンブラーは先着ですか？,,,,
,19:27:20,Guest2683169374,チョコレートのマグとタンブラー見てみたいです！,,,,
,19:27:22,まりちゃん☆,耐熱ペアグラスはありませんかぁ？,,,,
,19:27:23,さく46781,さっきのゴージャスのやつの色味はどんな感じですかー！！,,,,
,19:27:25,ニコ,こぼれないのはどれ？,,,,
,19:27:26,Guest12096,ダブルウォールのペアのやつ紹介して欲しい！,,,,
,19:27:28,もずく,チョコレートのタンブラーの裏側のわんちゃんがもう一度見たいです！🐶,,,,
,19:27:29,も,マグカップチョコ垂れてるところ立体ですか？？,,,,
,19:27:31,Guest77587,ダブルウォールの2個セット色味みたいです！,,,,
,19:27:33,Guest91677,ラインストーンタンブラーはストーン面は洗うこちができますか？,,,,
,19:27:34,Guest4719694984,コールドタンブラー、耐熱90度ですが、ホットのドリンクは入れられないですか？,,,,
,19:27:35,Guest3652990606,グラスセットのやつ色味見たいですー,,,,
,19:27:37,Guest1349,ストーンタンブラーは個数限定ですか？,,,,
,19:27:38,Guest292359050,ギフトボックス入りダブルウォールの紹介はしませんか？,,,,
,19:27:39,Guest1913954093,マグチョコレートなんですが、商品の裏の写真にはDISHWASHER SAFEと印字があるのに食洗機不可なんですか？,,,,
,19:27:42,Guest7275953060,ストーンのは手洗いですか？,,,,
,19:27:43,Guest5070125950,二層のガラスは暖かい飲み物いれても持てますか？,,,,
,19:27:45,Guest86007,マグカップレンジ使えますか？？？？,,,,
,19:27:47,Guest7568264642,耐熱ペアグラス見せて欲しい,,,,
,19:27:51,まっちゃ,ストローの中はどうやって洗いますか？,,,,
,19:27:52,みっちゅんちゅんら,タンブラーとカップの違い？,,,,
,19:27:54,Guest8835299146,犬のボトルはこぼれにくいですか？,,,,
,19:27:55,せな31384,音声大丈夫？,スルー,,,
,19:27:58,トミイ,マイク入ってないかな？,スルー,,,
,19:28:00,ぴろみ,声が小さい？,スルー,,,
,19:28:03,Guest4888222361,マイク入ってる？,スルー,,,
,19:28:05,えり,声が？？,スルー,,,
,19:28:06,こずぅ⭐︎,意味は？マイク,スルー,,,
,19:28:08,サリー,声きこえないかな？,スルー,,,
,19:28:09,ゆゆ,ピンクのペアセットのグラス紹介して欲しい,,,,
,19:28:11,え,赤いキラキラのタンブラー？は持ち運びできますか？また、あったかいのも冷たいのもいけますか？,,,,
,19:28:13,Momonon,マイクがオンになってない？,,,,
,19:28:14,Guest7677117936,チョコレート柄ロックがついてるボトルもう一度見せてほしいです💖,,,,
,19:28:16,かたつむり,お声が遠いかも…？,スルー,,,
,19:28:18,ありあ,マイク入ってないのかな,スルー,,,
,19:28:19,Guest74606,グッズ紹介は終わりなんですね？,,,,
,19:28:22,タイニー,GOLD会員の優先販売はありますか？,,,,
,19:28:24,こうよう,ソイラテの変更はできますか？,,,,
,19:28:30,びびちゃん,ライブする前に確認しないのかな？,スルー,,,
,19:28:33,テラ,キャンディ🍭？,,,,
,19:28:36,あ,ペアガラス紹介ない？色味見たかったー！,,,,
,19:28:38,あーや63923,甘いのかな？,,,,
,19:28:39,🐶ラブ💗,硬いキャンディ？,,,,
,19:28:41,ぴろみ,ミルク変更可能ですか？,,,,
TRUE,19:28:43,いちご67162,コメントしたいけど名前の変え方がわからない,運用者コメ,,チャット送信ボタンの部分の鉛筆マークからユーザー名を変更できます。,FAQ追加
,19:29:01,Guest5286713797,最初のはなんて名前ですか？,,,,
,19:29:12,Guest6302595672,ソースついかできる？,,,,
,19:29:14,にゃんこちゃん,ココアみたいってこと?,,,,
,19:29:16,あ33759,ペアグラス紹介ないですか？,,,,
TRUE,19:29:18,Guest862628328,甘いですか？,出演者,,,
,19:29:19,Guest292359050,ロゴマグのベージュとブラックの色味みたいです,,,,
,19:29:21,子猫,チョコムースは増量できますか？,,,,
,19:29:36,パン屋さん,あまさ控えめをさらにあまさ控えめにはできますか？？,,,,
FALSE,19:29:38,ハル,甘さ追加するには何をカスタマイズがオススメですか,出演者,,,
,19:29:39,Guest4719694984,ホットのドリンクは入れられますか？,,,,
,19:29:42,Guest5286713797,商品名もう一度おしえてください,出演者,,,
,19:29:43,こうよう,ソイミルクに変更可能ですか！？,出演者,,,
,19:29:45,トミイ,今回は限定のコーヒー豆は無いのかな,,,,
,19:29:50,まる🎀,ほうじ茶クラシックティーラテのアールグレイバージョンですか？？また違うのかな？,,,,
,19:29:54,Guest6302595672,チョコのふりかけ追加できる？,,,,
,19:30:00,Guest267717472,クリーミーラテはホットもできますか？,出演者,,,
,19:30:03,Guest25697949520,カカオニブ？カカオシブと言われましたが💦,,,,
,19:30:05,Guest2357014852,アールグレイクリーミーティーラテはホットもありますか？,出演者,,,
,19:30:07,Guest29680,私も今、入った所なので商品もう一度見せて欲しいです❗️,,,,
,19:30:08,Kiki,ソイミルクに変更可能ですか？,出演者,,,
,19:30:10,Guest3121947361,ゼラチンは使用してますか？,,,,
,19:30:18,こうよう,発売はいつですか？,運用者コメ,,,
,19:30:21,Guest6302595672,チョコのふりかけついかできる？,,,,
,19:30:29,Guest4414948359,甘いですか？,,,,
,19:30:30,しゃよ,ラインストーンのタンブラーは洗ってもストーンは取れませんか？洗ってもストーンはくすみませんか？,,,,
,19:30:32,Guest4752017103,ギフトボックスの紹介お願いします,,,,
,19:30:38,ももんが,ショット追加してぬるくなったりフラペチーノ感が減ったりしませんか？,,,,
,19:30:40,Kiki,アールグレイのはソイミルクに変更可能ですか？,,,,
,19:30:42,Guest8596228129,コーヒー豆の新商品はこのタイミングでは無しでしょうか？,,,,
,19:30:44,ゆうゆう,チョコしっかりなのかな？,,,,
,19:30:47,ハル,甘さ控えめということですが甘くするにはオススメのカスタマイズは,,,,
TRUE,19:30:52,Guest5070125950,商品名もう一度お願いします,運用者コメ,,"本日ご紹介したビバレッジは
『カカオ & ストロベリー ムース フラペチーノ®』
『カカオ ムース ラテ』
『アールグレイ＆クリーミーティーラテ』になります。",
,19:30:54,Guest9062631489,ストロベリーパニック？,,,,
,19:31:00,Guest8380275246,今回会員先行ありますか？,運用者コメ,,,
,19:31:09,ぴろみ,カフェモカ風？,,,,
,19:31:22,Guest267717472,チョコムースのオススメ甘めカスタムありますか？,,,,
,19:31:29,Kiki,アールグレイのラテはソイミルクに変更可能ですか？,,,,
,19:31:38,Guest2283471735,アールグレイ甘味なしにできますか,,,,
,19:31:40,るり,はんばいはいつですか？,,,,
,19:31:45,Guest7307232448,チョコムースにシトラスジャムありですか❓,,,,
TRUE,19:31:47,Guest5070125950,商品名もう一度教えて,運用者コメ,,,
,19:31:49,Guest1450135157,福袋、初心者には絶対当たるノやめてほしい。ゴールド優先ないのかな,,,,
,19:31:50,Guest6993353253,ピンクと赤のラメラメのボトルの後ろの♡の所を比べてほしいです🙏,,,,
,19:31:54,はるかず,苺苦手なので苺抜きありですかね,,,,
,19:32:05,Guest1882256649,ロースタリーのブーケとはどう違うんですか？,,,,
,19:32:09,Guest7597050261,コメントきつくない？,スルー,,,
,19:32:11,Guest9766754897,カンペでいいでしょ。何を求めてるんww,スルー,,,
,19:32:14,あおいろ,全部あまいやつかな？,,,,
,19:32:16,Guest9204981393,ラメラメのボトルをもう一度みたいー,,,,
,19:32:23,Kiki,ソイミルク変更可能ですか？,,,,
,19:32:26,まる🎀,ほうじ茶クラシックティーラテに似てますか？アールグレイのやつ,,,,
,19:32:56,マル,コーヒー豆は出ますか❓️,,,,
,19:32:58,0,いえーいみんな見てるー？,,,,
,19:33:01,Guest2104923084,オンラインショップで今回の商品はバースデークーポン対象でしょうか？？,,,,
,19:33:14,Guest5665187799,もう一度、全ての商品を見たいです！,運用者コメ,配信の最後とアフタートークで,,
TRUE,19:33:31,Guest1913954093,ロゴマグチョコレートですが、商品の裏の写真にはDISHWASHER SAFEと印字があるのに食洗機不可ですか？,出演者,,,
,19:33:35,ラテ,この司会の人？？はなみず,スルー,,,
,19:33:39,こうよう,人気な商品どれだろう💭,,,,
,19:33:46,Guest7597050261,今回も瞬殺かなぁ？ドキドキ,,,,
,19:33:49,Guest3549027976,グリッタータンブラー2種見比べたい,,,,
,19:33:51,Guest61779422506,待機ページとかありますか？,運用者コメ,,,
,19:33:53,0,NGワードは☕️になるのかな,スルー,,,
,19:33:55,Guest9521312805,スタッフさんに対する文句はおかしいでしょ？,スルー,,,
,19:33:57,ラテ,はなすするひと　司会？,スルー,,,
,19:34:12,Guest3549027976,グリッタータンブラーの後ろの♡見やすいのどっち？,,,,
,19:34:35,Guest4455031667,不快だと言う方は見るのやめればいいんじゃないですか？,スルー,,,
,19:34:40,ピカチュウ,ジェイク？,,,,
,19:34:44,パン屋さん,デカフェありますか？,,,,
,19:34:47,Guest2261367648,音でないんですかねー？😭😭聞こえないです💦,運用者コメ,,,
,19:34:51,peachゞ,どんなお味でしょう❤︎,,,,
,19:34:54,ミココ,チョコレートも販売してるの？,,,,
,19:35:35,テラ,チョコレートのマグカップの飲み口は厚くなっている感じですか？お店のマグカップと同じですか？,,,,
,19:35:47,Guest7737544929,ギフトボックス入りダブルウォール耐熱グラスの紹介はありますか？ペアセットの色味が見たいです,,,,
,19:35:49,Guest8825153872,コーヒー入れると水色に見える？,,,,
,19:35:56,にゃんこちゃん,チョコとペアリングの時はどんなチョコ🍫がおすすめですか,,,,
,19:36:04,peachゞ,甘い？,,,,
,19:36:14,Guest6460451201,チョコがけマグはレンジOKですか？,,,,
,19:36:28,Guest16471,コーヒーの酸味強いですか？,,,,
,19:36:29,Ｒ,転売ヤーどれくらいいるのかと不安・・,,,,
,19:36:34,Guest7737544929,ペアの耐熱グラスの紹介ありますか？色味が見たいです🤎🩷,,,,
,19:36:41,Guest4043184408,酸味はいかがですか？,,,,
TRUE,19:36:43,Guest6429694690,マグは食洗機対応ですか？,運用者コメ,,,
,19:36:45,Guest63628,リザーブカップ？このカップ使ったことないんですが、HOTだと持つ時かなり熱いですか？,,,,
,19:36:54,ユウ🍒,チョコレートだけって売ってるの？？,,,,
TRUE,19:37:05,Guest675258655,マグはレンジと食洗機OKですか？,運用者コメ,,,
,19:37:06,Guest382319831,ダブルウォールタンブラーにコーヒーを入れてみせていただくことはできますか？,,,,
TRUE,19:37:08,Guest163474205,商品一覧はどうやって見られますか,運用者コメ,,,
TRUE,19:37:16,トミイ,ミルクフォーマー売り切れてる！？,運用者コメ,,,
,19:37:17,リサ,ここはどこのお店？,スルー,,,
TRUE,19:37:19,Guest1913954093,ロゴマグチョコレートですが、商品の裏の写真にはDISHWASHER SAFEと印字があるのに食洗機不可ですか？印字と説明文とどちらが正しいですか？,出演者,,,
,19:37:56,リサ,このマグはお店のマグとおなじ形ですか？,,,,
,19:38:01,Guest110143116,アーカイブ見れますか？,運用者コメ,,,
TRUE,19:38:25,いちさん🍓,ミルクフォーマー欠品してますが、今日再販ありますか？,運用者コメ,※確認して運用者コメントで,,
TRUE,19:38:31,Guest4610741950,ホームページには食洗機対応不可って書いてるけどどちらですか？,運用者コメ,,"バレンタイン2026ロゴマグチョコレ
ートの食洗機対応に関して正しくは使用可能になります。",
TRUE,19:38:54,びびちゃん,ホームページでは不可能なんだ？w,運用者コメ,,,
,19:38:56,あ,ギフト紹介でペアグラス来るかな？,,,,
,19:38:59,ゆうゆう,甘いのとカカオ多いのとどっちがいいのかな？,,,,
,19:39:02,みっちゅんちゅんら,使い方は自由ってこと？,,,,
,19:39:04,Guest5481619720,そのプレスは900mlですか？,,,,
TRUE,19:39:15,モグモグ,ミルクの温度はどのくらいですか？,出演者,,,
,19:39:29,Guest14866,こうきマグカップ良いね？,,,,
,19:39:50,sakura🌸,豆乳でも、合いますか？,,,,
,19:40:01,LUNA,ソイミルクは何度だとよいですか？,,,,
TRUE,19:40:06,Guest3561931940,先程のとろけてるマグ、公式では食器洗い乾燥機にへ対応していませんって書いてあるのでで訂正した方が良いのでは？？,運用者コメ,,,
,19:40:27,Guest25381,コースターの犬は外れるんですか？,,,,
TRUE,19:40:28,MF,アレンジも知りたいです！,出演者,,,
,19:40:30,いちご23090,二層になるやつ？,,,,
,19:40:36,サリー,ミルクって何ミルクかな？,,,,
,19:40:43,にゃんこちゃん,先にコーヒーと何が違うのですか?,,,,
,19:41:02,ミココ,ココアでもいい？,,,,
,19:41:08,Guest602578260,ダークパウダーも合うかな,,,,
,19:41:13,可愛いのだいふき,熱さはかんじない？,,,,
,19:41:15,Guest63076081,まぜないの！？,,,,
,19:41:26,Guest3983553149,チョコ削るのきれい！どうやって削りましたか？,,,,
,19:41:31,かえ,これはカフェミストのフォーム多めみたいな？,,,,
,19:41:33,Guest7224964920,オンライン限定のカップも見たい,,,,
,19:41:36,可愛いのだいふき,熱さ感じない？,,,,
,19:41:38,Guest45942,豆乳でもできますか？,,,,
TRUE,19:41:40,トミイ,ミルクフォーマー、店舗で取り扱いあるかなぁ,運用者コメ,,ミルクフォーマーに関して来週には販売が開始される予定です。,
,19:41:46,Guest3459848636,タンブラーの紹介見直したい。まだ終わりません？,運用者コメ,,,
,19:41:58,にゃんこちゃん,ミルク🥛先と後でどんな違いあるんだろう…,,,,
,19:42:22,Guest6460451201,既にもうスタバグッズたくさんある人買いますかー？！,スルー,,,
,19:42:40,さく21231,両方ついてる!?,,,,
,19:42:41,Guest5489010476,チョコのタンブラーはカプチーノ系も大丈夫ですか？,,,,
,19:42:43,もっち,ペアグラスの紹介はないですか？,,,,
,19:42:53,Guest1510833974,ミルクフォーマの在庫はありますか？欠品のままなんですが,運用者コメ,※確認して運用者コメントで,,
,19:43:36,Guest8176944832,スターバックスミニカードもアプリに登録できますか？,,,,
,19:43:38,Guest1092567496,ミルクフォームそんなに泡立たないんだけどなんでかな、、,,,,
,19:43:39,Guest8327567092,期限はいつまでですか？,,,,
,19:43:48,Guest2304251071,キラキラタンブラー、保温性どの位ありますか⁉️,,,,
,19:44:01,リサ,プードルのベアラスタ？,,,,
,19:44:06,Guest3459848636,追っかけ再生できますか？？？？？,運用者コメ,アーカイブ,,FAQ追加
,19:44:16,もも36759,似てるのある,スルー,,,
TRUE,19:44:18,Guest728219719,配信終わってから買えるようになるんですか？,運用者コメ,19:55から,オンラインストアではこのライブの終了後、20時からご購入が可能です。,
,19:44:21,みっちゅんちゅんら,用途も幅広く使えるのかも？,,,,
,19:44:23,Guest78042,結局マグカップは食洗機OKなの？,,,,
TRUE,19:44:26,Guest1801385669,もう転売されてるんですが20時からですよね？,運用者コメ,,,
,19:44:40,Guest8717841854,もう一度チョコタンブラー見たいです,,,,
,19:44:42,ミココ,磁石？,,,,
TRUE,19:44:45,Kelly,巾着の素材は？,出演者,,,
,19:44:51,みっちゅんちゅんら,義理は無いのかな？,,,,
,19:45:20,Guest7235794479,先行購入特典あるんでしょーか？,,,,
,19:45:23,いちさん🍓,プレゼント用に購入したいのですが、購入数制限ありますか？,,,,
,19:45:25,Guest5639577315,ミニカップは陶器ですか？,,,,
,19:45:33,Guest2105198862,ぬこかチョコか……,,,,
,19:45:54,いちご23090,あひる？,,,,
,19:45:56,あみ,タンブラーのドリンクチェックの使用期間が知りたいです。,,,,
,19:45:58,トミイ,この柄はデジタルでも販売しますか？,,,,
,19:46:05,Guest730589217,うごく？,,,,
,19:46:09,ぺるぽこ,なぜにカードにネコイヌいないの,スルー,,,
,19:46:15,リサ,アヒル、猫、犬、どれ推しなの〜,スルー,,,
,19:46:17,みっちゅんちゅんら,洗えるの？洗わないほうが良いの？,,,,
,19:46:19,サリー,なぜダックなの？,,,,
,19:46:20,Guest730589217,登録したら動くタイプ？,,,,
,19:46:22,Guest4447557345,ええんとちゃうん？,,,,
TRUE,19:46:24,Guest2077166276,最初見れなかったのでbitterの商品を見直したいんですが、終わらないと見れないですか？,運用者コメ,,本日は配信はアーカイブも残ります。,FAQ追加
,19:46:25,サリー,なの？,,,,
,19:46:29,リン❤️リン,スタバは何で猫が多いの？？？,,,,
,19:46:34,Guest8825153872,スタンレーの丸いフック付いてるやつ、前に買ったら蓋開けると銀のところに水滴が着く…今回のやつは改善してますか？,,,,
,19:46:50,Guest5050293114,急なダック？,,,,
TRUE,19:46:51,いちご23090,はむすたー？,出演者,,,
,19:47:04,ぺるぽこ,デジタルもネコイヌじゃないのか,,,,
,19:47:09,まうる,ハムスターですか！！！,,,,
,19:47:12,ぺるぽこ,なぜハムスター？,,,,
,19:47:19,リン❤️リン,スタバは何で猫が多いの？？,スルー,,,
,19:47:21,Guest6714133175,もう一度ダブルウォールのペアセット見たいです,運用者コメ,アーカイブ,,
TRUE,19:47:50,ゴロニャアコ,回線悪いのかな？画像止まるし声が途切れるし,運用者コメ,,更新をかけていただくと映像、音声が出るようになります。,
,19:48:02,Guest79910210651,なにいれよー！,,,,
,19:48:11,Guest3382,なんで中国のスタバのダッグデザインが日本でもカードになってるのかな？,,,,
,19:48:24,Guest8825153872,このポーチは店舗でも買えますか？,,,,
,19:48:31,LUNA,裏見せて,,,,
,19:48:36,Guest79152,このポーチの素材はなんですか？,,,,
,19:48:40,Guest1882256649,この茶色のトレイは買えますか？,,,,
,19:48:42,みー35644,高さ何センチくらいですか？,,,,
,19:48:44,Guest49410,申し訳ないですが、カラーチェンジするカップもう一度見せてください😭😭,,,,
,19:48:46,Guest5924413122,店舗発売しますか？,,,,
,19:48:48,Guest618227787,巻き戻しはでしないのかしら🥲見逃したー！,,,,
,19:48:57,Guest2077166276,最初の方の商品を見たいです！,運用者コメ,アーカイブ,,
,19:48:59,番ちゃん,店頭でも買えますか？,,,"オンラインストアではこのライブの終了後、20時からご購入が可能です。
店頭販売開始は明日の各店舗の開店時間より販売開始となります。",
,19:49:02,Guest90896,猫のタンブラーって店頭販売は何時からですか？？,運用者コメ,,"オンラインストアではこのライブの終了後、20時からご購入が可能です。
店頭販売開始は◯/◯の各店舗の開店時間より販売開始となります。",
,19:49:12,タイニー,ポーチに250gの豆は入りますか？,,,,
,19:49:26,Guest90896,猫のタンブラーって店頭販売は何時からですか？,,,,
,19:49:29,Guest5393042496,かわいい〜割れやすいですか？,,,,
,19:49:45,きのこ,後ろを見せて！,,,,
,19:49:50,ゆき,クリアと並べて欲しいです！,,,,
,19:49:52,Guest1882256649,去年のと同じなのかな？,,,,
,19:50:01,Guest7737544929,色味分かりづらい。。クリアと並べてください,出演者,,,
,19:50:07,Guest38609,2026と刻印アリですか？？？,,,,
,19:50:12,Guest5030989026,ペアグラスの色がわかるように白い箱の前で見せて欲しいです,,,,
,19:50:15,きのこ,ペアグラスのデザイン、後ろが見たいです,,,,
,19:50:18,Guest1882256649,去年との再販があれば比較だけして欲しいです,,,,
,19:50:19,Guest6799548308,前回のサクラと今回のバレンタイン…色味は同じなのかな⁇,,,,
,19:50:21,ミココ,ザラザラしてますか？,,,,
,19:50:22,ゆき,くクリアと３つ並べてほしいです！,出演者,,,
,19:50:24,カズニイ,このタンブラー、トールサイズ入りますか？,,,,
TRUE,19:50:25,Guest37242,ネットで頼んだらいつ頃届くんだろう、、？,運用者コメ,,通常のご注文の場合は、遅くとも5日程で発送いたします。なお、ご希望配送日時を指定された場合は、この限りではございません。,
,19:50:28,Guest53015,チョコだけの発売はありますか？,,,,
,19:50:44,Guest3121947361,白いマグとピンクのマグ並べて比較お願いします,,,,
,19:50:48,とっくん,声ちっちゃくない？,スルー,,,
,19:50:51,Guest38609,2026の刻印ありますか？,,,,
,19:50:53,Guest7046,金額も教えて欲しい〜,,,,
,19:50:57,Guest8103416306,ペアグラス、クリアと並べてほしい！,,,,
,19:50:58,Guest7737544929,ペアのグラスの色味、クリアと比べてください。色をちゃんと知りたいです,,,,
,19:51:00,Guest1551215763,ピンクは母の日に出たやつかな？,,,,
,19:51:03,Guest7140282540,ピンク去年も出てました？,,,,
,19:51:05,Guest1882256649,パウダリーということはマットな質感なのかな？,,,,
,19:51:09,わんわんお,ピンクマグをワンちゃんのコースターに乗せた状態を見てみたいです,,,,
,19:51:11,Guest9296610563,ダブルウォールグラスもう1回みたい,,,,
,19:51:14,タイニー,耐熱グラスマグピンクは,,,,
,19:51:18,げんさん,母の日のピンクと同じかな？,,,,
,19:51:22,Guest515132355,👃ってしてる人、何見に来てるの？,スルー,,,
,19:51:24,Guest59483,ピンクのマグは去年のものと同じですか？,,,,
,19:51:26,子猫,ダブルウォールとタンブラーチョコの表のハートと文字の色は何色ですか？,,,,
,19:51:29,Guest1164635882,ピンクのマグとグラフは母の日の時にも出てたやつと同じですか？,,,,
,19:51:30,あみ,タンブラーに付いてるドリンクチケットの有効期間が知りたいです。,,,,
,19:51:32,Guest730589217,禁止ワードって何？うんことか？,スルー,,,
,19:51:33,Guest9204981393,ラメラメをみせーてー,,,,
,19:51:35,Guest5286713797,ピンクうっすら？白い背景でみたいです！,,,,
,19:51:38,Guest5030989026,ダブルウォールをクリアとペア並べてください！,,,,
,19:51:39,Guest74702,猫のポーチ…見せてもらえませんか？,,,,
,19:51:41,Guest35352,ねこちゃんポーチ見たいです,,,,
,19:51:43,Guest7428594644,チョコマグ見せてください！,,,,
TRUE,19:51:45,Guest37242,ネットで頼んだらいつ届きますか？,運用者コメ,,通常のご注文の場合は、遅くとも5日程で発送いたします。なお、ご希望配送日時を指定された場合は、この限りではございません。,
,19:51:46,Guest766469646,スワロフスキーのタンブラー見せてくださーい,,,,
,19:51:48,さくら🌸,ラインストーン見せてー欲しいです,,,,
,19:51:50,Guest19843,グリッタータンブラー見比べたいです,,,,
TRUE,19:51:52,Guest27458,チョコレートタンブラーお願いします。,,,,
TRUE,19:51:55,いちさん🍓,購入数制限ありますか？,運用者コメ,,販売の個数制限に関して明日の朝6時まで１商品１点までのご購入となります。,
,19:51:56,テンイチ,ギフトのダブルウォールよく見たいです,,,,
,19:51:58,Guest5489010476,チョコのタンブラーはコーヒー以外大丈夫ですか？,,,,
,19:52:00,Guest6714133175,ロゴマグチョコとピンクマグの並びがみたいです,,,,
,19:52:01,ちょこらーと,グリッタータンブラー見たい,,,,
,19:52:04,Guest3549027976,グリッタータンブラー比べて,,,,
,19:52:05,Guest90975,ペアのダブルウォールグラスのお色味みたいです！,,,,
,19:52:07,Guest1510833974,ミルクフォーマの在庫は再販されますか?,,,,
,19:52:09,モグモグ,ダブルウォールの3色を並べて比べたい,,,,
,19:52:10,Guest76026,わんちゃんタンプラー見たいです,,,,
,19:52:13,チュン,グリッターボトル見せてくださいー！,,,,
,19:52:14,Guest8779371818,ラメタンブラー見たいです,,,,
,19:52:17,あ,グラスの色味よく見たいです！,,,,
,19:52:19,Guest4222711543,ピンクのラインストーンのタンブラー見たいです！,,,,
TRUE,19:52:21,Guest5509589505,最初見逃したので、チョコレートのボトルとマグお願いします,出演者,,,
,19:52:22,Shiori,買えるかな〜,,,,
,19:52:24,あ,ペアガラスの色味よく見たいです！,,,,
,19:52:26,nana,ダブルウォールグラスのセットのピンクは、さくらシリーズのピンクより薄い色ですか？,,,,
TRUE,19:52:28,Guest8195838911,チョコレートマグ見たいです！,出演者,,,
,19:52:31,も,マグカップチョコのところ立体ですか？？,,,,
,19:52:32,Guest90001,紙袋は付けられますか？,,,,
TRUE,19:52:34,Guest9613012869,ねこちゃんのポーチが見たいです！,出演者,,,
,19:52:36,Guest4037752947,ラインストーンタンブラー何色ですか？,出演者,,,
TRUE,19:52:38,Guest2665044463,チョコマグ全体ぐるっと見せてください〜,出演者,,,
,19:52:39,Guest3152758555,ハートのタンブラーたちを！❤️見たいです,,,,
,19:52:41,Guest1032365456,ラインストーンタンブラーもう一度見せてください,出演者,,,
TRUE,19:52:43,Guest53917,猫ポーチお願いします😻,,,,
,19:52:44,Guest1147544132,ねこタンブラーの柄は内側ですか？,,,,
,19:52:46,え,赤のキラキラが見たいです,,,,
,19:52:48,Guest90896,タンブラーみせてください,,,,
,19:52:50,Guest648193867,ダブルウォールペアが見たいです！,,,,
,19:52:52,さく46781,ゴージャスのピンクのタンブラーみたいです色味が聞きたいです！！,,,,
,19:52:54,Guest3549027976,タンブラーの♡見やすいのどっちの色？,,,,
,19:52:56,Guest3121947361,ピンクのマグと白いマグ、並べて比較お願いします🩷🤍,,,,
,19:52:58,Guest650545077,犬の色が変わるカップが見たい,,,,
,19:52:59,Guest37242,ネットで頼んだらいつ頃届きますか？,,,,
,19:53:01,Guest1038480686,ボックス入りのピンクのマグとグラスマグは、再販ですか❓,,,,
,19:53:02,Guest8565736286,キラキラのタンブラーもう一度見たいです！！,,,,
,19:53:04,akko,ネコちゃんボトル、色はベージュですか？,,,,
,19:53:05,Guest730589217,チョコたれてるところ立体ですか？,,,,
,19:53:08,Guest826428394,最後に紹介されてた、緑色の箱に入ったシリーズは定番ですか？,,,,
,19:53:10,Guest6518873599,チョコのタンブラーを蓋も開けて見せて欲しい❣️,,,,
TRUE,19:53:12,Guest5030989026,ダブルウォール3種並べてくださいー,出演者,,,
,19:53:13,Guest83203,チョコタンブラーお願いします,,,,
,19:53:15,Guest6394237019,中はカード入りますか？,,,,
,19:53:17,Guest49410,カラーチェンジタンブラーお願いします,,,,
,19:53:19,Guest1147544132,ねこタンブラーの柄ははげませんか？,,,,
,19:53:21,Guest1743812736,ラインストーン見たいです,,,,
TRUE,19:53:22,みづき,ダブルグラスを透明グラスと並べて欲しい〜,出演者,,,
,19:53:24,Guest91805,キラキラのタンブラーも見たいです,,,,
TRUE,19:53:25,Guest7568264642,耐熱ガラスのピンクと茶色見たいです,出演者,,,
,19:53:27,Guest8661380959,GOTOタンブラー？見たいです！,,,,
,19:53:28,Guest1349,ストーンタンブラーは個数限定ですか〜？？？,,,,
,19:53:30,Guest4755965238,ギフトボックスのタンブラー手に持ったサイズ感みたいです！,,,,
,19:53:32,Guest6743329048,銀色のタンブラー見たいです,,,,
TRUE,19:53:34,きのこ,ダブルウォールグラスの後ろを見せて！,出演者,,,
,19:53:36,Guest4446821679,ネコのタンブラーじゃない方は水筒ですか〜？,,,,
,19:53:37,Guest6705287432,ネコのカッブの見逃しました。それは結構重いですか,,,,
,19:53:38,り,キラキラタンブラー見たいです！,,,,
,19:53:40,Guest9835973010,スタンレーのがみたい,,,,
,19:53:42,Guest9204981393,ペアのダフルウォールを白地の前で色みせて！,,,,
TRUE,19:53:44,Guest7012960639,グリッターの重さは重めですか？,出演者,,,
,19:53:45,Guest6135339136,さっきのキラキラボトル、蓋の裏はどうやって洗えますか？,,,,
TRUE,19:53:47,Guest9296610563,ダブルウォールグラス並べて欲しいです😭😭,出演者,,,
,19:53:49,Guest3634278270,きらきらのタンブラーみせてください！,,,,
,19:53:50,Guest97387,猫ボトルの部分の猫はシリコンですか？,,,,
TRUE,19:53:52,Guest2876737011,チョコ垂れてるカップとタンブラー拡大してください,出演者,,,
,19:53:54,nana17642,個数制限ありますか？,,,,
,19:53:55,シン,ダブルウォールのペアをクリアと並べて欲しいです！,,,,
,19:53:56,Guest5489010476,チョコのタンブラー見せてください,,,,
TRUE,19:53:58,ぷりん,チョコレートマグは白ですか？,出演者,,,
,19:54:00,Guest8199441767,チョコタンブラーのパッキンどんな感じですか？？,,,,
TRUE,19:54:03,もと,ラインストーンもってみせて！,出演者,,,
,19:54:05,Guest6745097889,御三方の推しグッズ教えてください🍫🩷,,,,
,19:54:06,Guest3459848636,ねえ買う前に見れなかったやつ見たいのに。どうしろと？？？,,,,
,19:54:09,Guest3088295944,スタンレー冷たい飲み物だけですか？,,,,
,19:54:11,Guest7051229926,並べて欲しい,,,,
,19:54:12,Guest965677910,買えるかなー,スルー,,,
,19:54:14,nana,今回は特別なギフトラッピングは無しですか？,,,,
,19:54:16,Guest38609,購入はPayPayですか？,,,,
,19:54:18,Guest68779,もう商品画面で待機していいのですか❓,,,,
TRUE,19:54:20,Guest9296610563,ダブルウォール並べて欲しい,出演者,,,
,19:54:22,Guest3075786527,同じ商品2個購入できますか？送料かかる場合おいくらでしょう？,,,,
,19:54:24,Guest5393042496,食洗機いける物をまとめて教えてほしいですー！,,,,
,19:54:28,Guest2077166276,早くアーカイブして下さい！！！,スルー,,,
TRUE,19:54:31,Guest33660343578,ラインストーン見たい‼️最後に,,,,
TRUE,19:54:33,Guest951539390,マグの重さはどうですか？,出演者,,,
,19:54:35,リサ,しみはるちゃん、レギュラー？,スルー,,,
,19:54:39,Guest4755965238,ギフトボックスのタンブラー見たいです！,,,,
TRUE,19:54:44,Guest3372,どちらから購入したら良いのかな？,出演者,,,
,19:54:48,まり,スチーマーは再入荷されますか？？,,,,
TRUE,19:54:50,Guest6391957252,ダブルウォール並べてください,,,,
TRUE,19:54:58,Guest2485292585,ラインストーン取れますか？,,,,
TRUE,19:55:04,Guest7051229926,ダブルウォール並べてー,,,,
TRUE,19:55:07,Guest2485292585,ラインストーンのやつ、漏れますか？,出演者,,,
TRUE,19:55:10,Guest6391957252,ダブルウォール並べてー,,,,
,19:55:13,Guest6302595672,猫も犬も好き　どうしよう。,,,,
,19:55:15,さく46781,ゴージャスのピンクのタンブラーみたいです色味が知りたいです,,,,
TRUE,19:55:16,Guest9296610563,ダブルウォールグラス並べてください,,,,
,19:55:21,Guest297203251,待機画面はどこで出ますか？,運用者コメ,,,
TRUE,19:55:25,ゆき27522,猫ドームハートボトルは手を入れて洗えますか？？,出演者,,,
,19:55:27,のんちゃん,サクラシリーズかなぁ？,,,,
,19:55:42,Guest7721988560,チョコのボトルが見たいです！,,,,
,19:55:43,Guest8825153872,スタンレーの丸いフック付いてるやつ、前に買ったら蓋開けると銀のところに水滴が着く…今回のやつは改善してますか？改善してれば買いたいなー,,,,
TRUE,19:55:45,Guest3634278270,ラインストーンのやつみせてー！！,,,,
,19:55:47,Guest6745097889,御三方の推しグッズ教えてください🍫🩷🩷,,,,
TRUE,19:55:49,Guest35352,ラインストーン見たいです！！！,,,,
,19:55:50,Guest66400,スタンレーもう一度見たいです,,,,
,19:55:52,Guest1349,ゴージャスタンブラーはどのくらいの個数あるんですか？,,,,
,19:55:59,Guest7924683120,スタンレーのタンブラーもう1度見たいです🥺,,,,
,19:56:01,ゆき54606,ダブルウォール前回のサクラと今回のバレンタイン…色味は同じなのかな⁇,,,,
,19:56:03,Guest4446821679,ネコドームみたいです！水筒ですか？,,,,
TRUE,19:56:04,Guest9296610563,ダブルウォールグラス並べて欲しいです,出演者,,,
TRUE,19:56:06,Guest3634278270,ラインストーンのやつ見せてください！！！,,,,
,19:56:08,Guest5124058116,大きい中のタンブラー見たいです,,,,
,19:56:10,Guest2223176985,色変わるリユーザブルカップ見せてください🙏,,,,
,19:56:11,Guest6772928513,もう一度チョコボトルをお願いします,,,,
,19:56:13,Guest6745097889,御三方の推しグッズ教えてください🩷🩷,,,,
,19:56:16,Guest6350335556,チョコタンブラーもう少し詳しくみたいです,,,,
,19:56:17,Guest1147986667,次は2月16日でしたっけ？？,運用者コメ,,次回の配信は2月16日（火）よる19時を予定しております。,
TRUE,19:56:20,Guest4752017103,ダブルウォークの色味みたいです,,,,
TRUE,19:56:22,Guest781857457,ラインストーンみせて！,,,,
TRUE,19:56:24,Guest73609,キラキラストーンとれませんか？,,,,
,19:56:26,Guest4755965238,ギフトボックスのタンブラーをみたいです,,,,
TRUE,19:56:27,Guest35352,ラインストーンはスワロフスキーですか？,,,,
,19:56:29,Guest68779,もう商品画面で待機して大丈夫なのですか❓,,,,
,19:56:32,Guest46798,猫ちゃんのタンブラーを見せてください,出演者,,,
TRUE,19:56:34,Guest38609,2026の刻印全部ありますか？？？,出演者,,,
,19:56:37,Guest1510833974,ミルクフォーマの再販教えてほしいです！,,,,
TRUE,19:56:39,さく46781,ゴージャスのピンクのタンブラーみたいです色味が知りたいですラインストーンのやつ！！,,,,
,19:56:41,Guest110143116,アーカイブはどうやってみれますか？,,,,
TRUE,19:56:44,Guest1743812736,ラインストーンタンブラー見たいです,,,,
,19:56:46,Guest2272832264,スタンレーの水筒をもう一度見たいです！,,,,
,19:56:48,Guest483407208,カードについてるカップの形に折れる紙は何枚ですか？,,,,
,19:56:51,Guest37242,カメラ右にして！,,,,
TRUE,19:56:54,ひよ,チョコタンブラー？ボトル？のパッキン部分を見たいです〜,出演者,,,
TRUE,19:56:56,Guest53015,赤のキラキラの水筒は、手を入れて洗えますか？,出演者,,,
TRUE,19:56:58,Guest77225515,耐熱マグとペアのグラスのピンクの色比べて欲しいです,,,,
TRUE,19:57:00,Guest7224964920,店頭販売はいつ？明日？,運用者コメ,,店頭販売開始は明日1月14日水の各店舗の開店時間より販売開始となります。,
TRUE,19:57:02,Guest9825,左のぴんくのは何ですか？,,,,
TRUE,19:57:05,Guest1559955425,リユーザブルカップは初日一人一点しか買えませんか？,運用者コメ,,,
TRUE,19:57:08,Guest7775022245,マグカップは重い？,,,,
,19:57:10,Guest50937,スタンレーと猫ドームのボトル見たいです,,,,
,19:57:12,Guest2485292585,ラインストーンの購入画面が出ないです,運用者コメ,,,
TRUE,19:57:14,Guest4998852745,ミルクフォーマーの再入荷もありますか？,運用者コメ,,ミルクフォーマーに関して来週には販売が開始される予定です。,
,19:57:17,Guest8428532601,第2段ありますか？,,,,
TRUE,19:57:20,いちさん🍓,各商品一点しか購入できませんか？,運用者コメ,,販売の個数制限に関して明日の朝6時まで１商品１点までのご購入となります。,
,19:57:22,Guest6772928513,チョコタンブラーは横にしても漏れないですか？,出演者,,,
,19:57:25,Guest8629332848,巾着ポーチ見たいです！,,,,
,19:57:27,Guest3634278270,ギラギラのタンブラーはどれぐらいキラキラしてますか？,,,,
,19:57:29,Guest8822512538,マグカップもう一度見せてほしいです！,出演者,,,
TRUE,19:57:31,Guest33660343578,ストーンのタンブラー見たいです！,,,,
,19:57:33,Guest3382,ダックのカードはオンラインカードとしても使えますか??,,,,
,19:57:35,Guest7264987159,ダブルウォールのペアグラスにコーヒー入れてもらうことできないですか？,,,,
TRUE,19:57:37,Guest3121947361,マグカップ、4種類並べてください🥺白、黒、ピンク、チョコで！,出演者,,,
,19:57:39,Guest5995857800,チョコレートがかかったマグの凸凹は、飲む時に気になりますか？飲みにくいとかありますか？,出演者,,,
,19:57:41,Guest20555670,🐶リユーザブルカップ見たいです！,,,,
,20:01:58,ゆき54606,前回のサクラと今回のバレンタイン…色味は同じなのかな⁇,,,,
,20:02:01,Guest5286713797,もうひとつのギフトのピンク色のもこのダブルウォールピンクに似てますか？,,,,
,20:02:04,ぽちゃまる,スタンレーのタンブラーの色味もう1度見たいです🥺,,,,
,20:02:08,りす,チョコのタンブラー見たいです,,,,
TRUE,20:02:10,Guest58037,ラインストーン見たい,,,,
,20:02:13,Guest2242229327,前回のピンクはどっちに似てますか？,,,,
,20:02:16,Guest61817,グリッタータンブラーの赤の色味が見たいです,,,,
,20:02:21,Guest2272832264,スタンレーのタンブラーお願いします！,,,,
,20:02:24,Guest72690,赤よりピンクよりですか？,,,,
TRUE,20:02:27,Guest2106,ラインストーン食洗機使えますか,運用者コメ,,バレンタイン2026ステンレスタンブラーラインストーンに関して食洗機、電子レンジともに使用不可になります。,
TRUE,20:02:29,Guest7123691990,猫ドームお願いします！！！！！！,出演者,,,
,20:02:31,Guest2738489403,猫ちゃんのポーチの大きさ知りたいです！,,,,
,20:02:34,Guest6832697194,ラインストーンは洗ったら落ちたりしますか？,,,,
,20:02:36,Guest4163032820,ボトルチョコレートののみ口の開け方見たいです,,,,
,20:02:39,Guest562691455,ブラーラインストーンのピンクは、重さどのくらいですか？,,,,
,20:02:41,Guest8199441767,チョコタンブラーのパッキンはどういう感じでしょうか？,,,,
,20:02:44,ももんが,コースターマグとお菓子乗せれそうですか？？,,,,
,20:02:46,Guest8213582181,スタンレイのものを見せてください,,,,
,20:02:49,Guest1717771288,チョコタンブラーも中に手を入れられますか,,,,
,20:02:51,Guest79583,ワンコのリューザカッルを見せてください❢,,,,
,20:02:55,Guest16527,ラインストーンのは、何MLでしょうか？,,,,
,20:02:58,Guest8335761185,これは再販なのですか？,,,,
,20:03:01,Guest33210,わんちゃんが描かれているタンブラーは漏れないですか？,,,,
,20:03:02,サトコ,箱入りマグなどは、母の日に発売されたものと似てますが、別物ですか？,,,,
TRUE,20:03:13,Guest1729847297,公式のコメントで明日が1/14てなってるけど明後日ですよね？どちらでしょうか？,出演者,,,
,20:03:15,Guest8335761185,去年の再販のものを知りたい！,,,,
,20:03:27,Guest89156,チョコマグのベースの色はピンク？ホワイト？,,,,
,20:03:30,KONATSU,マグの色比較お願いします🥺白とピンク,,,,
,20:03:33,Guest205098522,チョコのマグとピンクのマグ並べて欲しいです🩷,,,,
,20:03:36,アオイ,さきさんの推しグッズはどれでしょうか！,,,,
,20:03:40,Guest2223176985,犬商品全部見せてください,,,,
,20:03:50,Guest1147544132,二重構造ですか？,,,,
TRUE,20:04:06,Guest5489010476,チョコタンブラーは横にするとこぼれますか？,出演者,,,
,20:04:09,Guest5375095214,ラメラメの水筒見せてください🥲,,,,
,20:04:11,Guest8335761185,買えない…もう無理なのかな…,スルー,,,
,20:04:13,トミイ,明後日店頭に行けば在庫あるかな？,,,,
,20:04:16,Guest2223176985,犬商品全部見せて欲しいです,,,,
,20:04:21,Guest8213582181,ステンレスの水筒見せてください！！！,,,,
,20:04:23,MOMO,ミルクフォーマーどうなった？,,,,
,20:04:25,Guest7679947902,猫ちゃんタンブラーのドームの部分は乗っかってるだけですか？？,,,,
,20:04:28,Guest2582115852,ラインストーンのタンブラーは数年前のストロータイプのピンク色ラインストーンの商品とは違う色のラインストーンですか？,,,,
,20:04:32,ゆうゆう,この配信見ながら待機は出来ないのかな？買いたいし配信も見たい,運用者コメ,,,
,20:04:35,Guest38459,５万人並んでますね😰買えるかな～,スルー,,,
,20:04:37,Guest1147544132,柄は外側ですか？,,,,
,20:04:40,Guest5375095214,ラメラメのピンクの水筒見せてください😭😭,,,,
,20:04:42,Guest2223176985,リユーザブルカップは保温性ありますか？,,,,
TRUE,20:04:47,Guest5386052291,店頭販売は明後日なのですか？,運用者コメ,,店頭販売開始はあさって1/14（水）の各店舗の開店時間より販売開始となります。,
,20:04:50,Guest89156,チョコマグのベースの色は？,,,,
,20:04:53,まり53581,44000人待ちで買えますか？,スルー,,,
TRUE,20:04:55,Guest87211,ねこちゃんドームを降ってください。,出演者,,,
,20:04:58,Guest4171359333,60000待ってるけど？,スルー,,,
,20:05:01,Guest7428594644,何が売り切れなんだろう？,スルー,,,
,20:05:05,Guest1147544132,ねこタンブラーの柄は外側ですか？,,,,
,20:05:08,Guest3669941994,チョコタンブラーは手を入れて洗えますか？,,,,
,20:05:12,まり53581,何売り切れてます？,スルー,,,
,20:05:15,Guest1326138672,中身が漏れにくいものはどれですか？,,,,
,20:05:17,Guest66205,在庫は充分ですか？,,,,
,20:05:19,Guest8213582181,ステンレスの水筒見せてください！,,,,
,20:05:22,Guest92270,リユーザブルカップは14日ですか。,,,,
,20:05:25,Guest5143,パッキン外して洗えるのかな？,,,,
,20:05:28,Guest4809093162,洗いやすさはどうだろ？,,,,
,20:05:30,みっちゅんちゅんら,即完売？,スルー,,,
TRUE,20:05:32,なお19691,耐熱グラスマグピンクベージュをシリコンコースターにのせて見せてください,出演者,,,
,20:05:35,ナナ,リユーザブルカップ見せて,,,,
,20:05:37,Guest6689442063,売り切れ出てるのかなぁ,スルー,,,
,20:05:41,Guest2664415202,買えないんですが、、、,スルー,,,
,20:06:03,ゆん,売り切れてる物ってわかりますか,スルー,,,
,20:06:11,Guest5196331830,ラインストーンのは,,,,
,20:06:16,Guest1823,猫タンブラーは横にしても大丈夫ですか？,出演者,,,
,20:06:19,いちご23090,ラインストーンタンブラー蓋開けてみてほしいです,出演者,,,
,20:06:21,Guest2223176985,途中からだったので　犬商品もう一度みたいです！お願いします,,,,
,20:06:25,まり53581,在庫十分ですか？,,,,
,20:06:27,Guest7072065969,色の変わるタンブラーをみたいでふ,,,,
,20:06:29,Guest1637,ざらざらだと洗う時困りませんか⁉️,,,,
,20:06:36,なお19691,ピンクベージュグラス耐熱マグをシリコンコースターの上に置いて見せてください🙏🙏,,,,
,20:06:38,Guest2582115852,ラインストーンタンブラー、数年前のピンクストロータンブラーのラインストーンとは違う色ですか？,,,,
,20:06:40,Guest5112627329,スパンコールの見せて😭,,,,
,20:06:42,ぽちゃまる,スタンレーのタンブラー見たいです!,,,,
,20:06:44,Guest9076749964,グリッターボトルの色の違いを見せて欲しいです。,,,,
,20:06:47,Guest4723756286,ピンクのケースはどこで買えますか？,,,,
TRUE,20:06:50,Guest4472691522,コースターの上にボトル置いて欲しいです,出演者,,,
,20:06:54,Guest5375095214,ラメの水筒アップしてください！,出演者,,,
,20:06:57,あき80744,ボトルはラテを入れても大丈夫ですか？,,,,
TRUE,20:07:01,けい,店舗販売はオープン時間からですか！？,運用者コメ,,店頭販売開始はあさって1/14（水）の各店舗の開店時間より販売開始となります。,
,20:07:13,まり53581,売り切れわかりますか？,,,,
,20:07:21,Guest8698763335,マグ並べたのも見たいです！ピンクとチョコ,,,,
,20:07:24,KONATSU,マグカップ色比較見たいです🥺,,,,
TRUE,20:07:26,Guest6027635408,グリッターの水筒は食洗機大丈夫ですか？,運用者コメ,,バレンタイン2026ステンレスボトルグリッターに関して食洗機、電子レンジともに使用不可になります。,
,20:07:28,Guest5196331830,ラインストーンのは中にパッキンがあるのでしょうか…？,,,,
,20:07:34,なお19691,ピンクベージュのグラスマグをシリコンコースターの上にのせてください,,,,
,20:07:37,Guest6532626423,赤とピンクのボトルもう一度中身見せてください,,,,
,20:07:41,ゆん,売り切れ分かりますか？全く進みません😢,スルー,,,
,20:07:44,Guest7072065969,色の変わるタンブラーをみたいです,,,,
,20:07:46,Guest267612330,ドームのやつ詳しく知りたいです,,,,
,20:07:48,shirotan,スタンレーのボトルのグラデーション具合をしっかり見たいです,,,,
,20:07:53,Guest5386052291,1番人気はなんだろう？,,,,
,20:07:57,アオイ,推しグッズ聞きたいのに伏字になっちゃうのなんでだー,,,,
TRUE,20:07:59,Guest4855131286,チョコマグの色は白ですか？ベージュですか？,,,,
,20:08:08,Guest5375095214,ラメの水筒よく見せてください😭😭,,,,
,20:08:11,Guest5112627329,ラインストーン見たい,,,,
,20:08:16,Guest7779053604,2種類商品が欲しい場合は、再度並び直しになりますか？,,,,
,20:08:21,Guest9979858081,437mlのタンブラーって通勤バッグに入りそうですか？？,,,,
,20:08:24,Guest5375095214,ラメの水筒よく見せてください😭,,,,
,20:08:27,Guest7550416857,つながる気がしない～　売り切れてないですか？,スルー,,,
,20:08:29,アオイ,推しグッズ教えてください,,,,
,20:08:33,Guest6532626423,ピンクと赤のボトル見逃したのでもう一度中身見せてください,,,,
TRUE,20:08:38,Guest49164,チョコマグの色味をみたいです,,,,
,20:08:40,Guest2223176985,リユーザブルは保温性ないのですか？,,,,
,20:08:42,Guest4809093162,折紙みたいなメッセージカード、どう,,,,
,20:08:59,Guest5375095214,ラメの水筒よく見たいです😭,,,,
TRUE,20:09:02,Guest2223176985,コースターは蓋として使えますか？,運用者コメ,,コースターは蓋として使用することは推奨しておりません。,FAQ追加
,20:09:08,Guest4809093162,折紙メッセージ、折り方見せて😆,,,,
,20:09:12,Guest25503,猫ちゃん見せて！,,,,
,20:09:14,Guest5375095214,ラメの水筒よく見せてください！,,,,
,20:09:17,なお19691,持ち手付きのものせて,,,,
,20:09:24,ゆん,猫タンブラーまだありますか？後15000人待ち、、,,,,
TRUE,20:09:27,Guest8698763335,マグカップ並べたの見たい,出演者,,,
,20:09:38,Guest2582115852,耐熱グラス、ピンクとブラウンに飲み物入れて見せて欲しいです,,,,
,20:09:40,Guest5386052291,マグカップは電子レンジOKですか？,,,,
TRUE,20:09:45,KONATSU,マグカップの色比較してください🥺,出演者,,,
,20:09:49,Guest25503,猫ちゃん見たい！見せて！,,,,
TRUE,20:09:55,Guest49164,チョコマグは薄ピンクですか？,出演者,,,
,20:09:57,Guest2223176985,リユーザブルは保温性ありますか？,,,,
,20:10:01,あき80744,ラメの水筒、ラテを入れても大丈夫ですか？,,,,
,20:10:04,Guest657385176,きらきらタンブラーもう一回見たいです！,,,,
,20:10:10,ゆゆ21979,ミルクフォーマーもう一度見せてください！,,,,
TRUE,20:10:13,Guest1317180653,ラメ2つの色比較がみたいです！,出演者,,,
,20:10:16,みっちゅんちゅんら,変わるものと変わらないものがあるのでしょう,,,,
,20:10:19,Guest2223176985,リユーザブルの色変わり見せて欲しいです,,,,
,20:10:21,KONATSU,白と比較お願いします！！！！,,,,
,20:10:24,Guest8529370725,ピンクマグとホワイトの色加減も見たい,出演者,,,
TRUE,20:10:26,Guest8797536793,要望全部聞いてくれる,,,,
,20:10:29,Guest8698763335,大きさ違うのかな？ピンクとチョコ,,,,
,20:10:32,Guest483407208,スタンレー 開けたの見たいです,,,,
,20:10:35,なお19691,ピンクベージュの耐熱グラス持ち手付きをシリコンコースターの上にのせてください！,,,,
,20:10:38,Guest2870358301,犬のタンブラー近くで見たいです🐶🤎❤️,,,,
,20:10:41,Guest4682954268,マグカップ白も並べて欲しいです,出演者,,,
,20:10:47,Guest7626038257,グリーン？,,,,
,20:10:49,Guest6668567536,ストローのねこちゃんって取れますか？,,,,
,20:10:52,Guest1637,売り切れありますか⁉️,スルー,,,
,20:10:55,Guest18059,ピンクと赤のタンブラー？水筒を白を背景で色見がみたいです,,,,
,20:10:58,Guest5562686977,この3つは重さは同じですか？,,,,
,20:11:00,Guest2223176985,このチョコは盛り上がってますか？,,,,
,20:11:02,あみ13310,ラメの水筒よく見たいです！！お願いします😭,,,,
,20:11:05,Guest2683169374,いぬのチョコタンブラーの裏が見てみたいです！,,,,
TRUE,20:11:09,Guest7994276892,皆さんのいちばんのお気に入りが知りたいです！,出演者,,,
,20:11:19,Guest551019579,売り切れありますか？,スルー,,,
,20:11:22,Guest11157,猫ちゃんボトルもう一度振ってください！,,,,
,20:11:29,Guest5112627329,スパンコール見たい,,,,
,20:11:32,Guest770187136,水筒みせてくださーい！🩷❤️,,,,
,20:11:36,Guest6249926439,チョコのタンブラーの口を見せてください,,,,
TRUE,20:11:39,Guest8814937325,どうやってかうの？,運用者コメ,,右下の商品カード、もしくは「ショッピンバッグアイコン」から該当商品をタップする商品ページに飛ぶことが可能となります。,FAQ追加
,20:11:42,Guest8698763335,飲み口厚いのかな？,,,,
FALSE,20:11:45,ぺあ,ラインストーンの中身はパッキンってついてますか…？,,,,
,20:11:52,ぶぶ,スタンレー見せてください😇😇😇😇😇😇😇😇,,,,
,20:11:55,Guest8335761185,ダブルウォールのペアセット ミルク入れるとどんな色に見えるのか知りたいです 出来ないかな,,,,
,20:12:09,Guest5386052291,電子レンジOKですか？マグ,,,,
,20:12:12,Guest4891947102,ピンク水筒見せてー！,,,,
,20:12:15,miiiipo,ピンクと赤のボトル色味見たいです！赤は真っ赤ですか？朱色ですか？,,,,
,20:12:18,あんちゃん♡,コースターの重さはどのくらいですか？,,,,
,20:12:20,Guest2223176985,みたいです！色変わった時　もう一度見せて！,,,,
,20:12:28,みっちゅんちゅんら,熱によってとろけるチョコレートと…何を合わせるのか…,,,,
,20:12:30,Guest5149630877,ラインストーンのタンブラーのお手入れは通常のお手入れで大丈夫でしょうか？🥺,,,,
TRUE,20:12:32,Guest79726,店頭販売は開店時間からですか？,運用者コメ,,店頭販売開始は明後日1月14日水の各店舗の開店時間より販売開始となります。,
,20:12:35,Guest551019579,どれぐらいの人が買えるんですか？,,,,
,20:12:49,Guest30470,透明のカップ見たいです！,,,,
,20:12:52,Guest7428594644,ピンクマグって近くに寄ったら白っぽく見えますが、実際は薄いピンクですか？,,,,
,20:12:55,Guest5844587754,ダブルウォールを3つ並べて比較を見逃したので見たいです！,,,,
,20:12:57,Guest25503,猫ちゃんタンブラー見せて,,,,
TRUE,20:13:00,Guest2756657975,すみません、お時間があればスタンレー見たいです,出演者,,,
TRUE,20:13:02,Guest595303536,スタンレーの水筒、見たいです！,,,,
TRUE,20:13:05,Guest2435115063,スタンレー、パールっぽい色ですか？,,,,
,20:13:07,Guest4809093162,ざらざらしてないの？,,,,
,20:13:10,Guest25503,猫ちゃんタンブラー見せて！🐱,,,,
,20:13:12,けい,一つずつしか買えないのでしょうかほしいものが多くて😭,,,,
TRUE,20:13:14,Guest483407208,スタンレー 見せて,,,,
,20:13:16,Guest9076749964,濃いピンクと明るいピンク？,,,,
,20:13:27,Guest483407208,何買った？,スルー,,,
,20:13:29,Guest25503,猫ちゃんタンブラー見せて！,,,,
,20:13:33,Guest9166,全然順番来ません😢順番が進んだと思ったら待ってる人数増えて進まない…何故…,スルー,,,
,20:13:35,Guest551019579,待ってたら買えるかな😥,,,,
,20:13:38,サリー,これまでピンク、レッドありましたか？,,,,
TRUE,20:13:41,ぶぶ,スタンレー見せてください😭😭😭😭😭😭😭😭😭,出演者,,,
,20:13:43,Guest8698763335,チョコのマグは飲み口の厚さ変わりますか？,,,,
,20:13:46,Guest5112627329,スパンコール見たいです🥺,,,,
,20:13:49,Guest70957,チョコレートのTOGOはもうやったかな？,,,,
,20:13:51,Guest2435115063,スタンレーは店頭でも買えるかな,,,,
,20:13:54,まさちゃん,ステンレスタンブラーをみせてください,,,,
,20:14:02,Guest5043742612,GO TOボトルを保温カップに使う事は出来ますか？(スタバトール紙カップ入れたい時あるので,,,,
,20:14:06,Guest73609,ラインストーン取れやすさありますか？,,,,
,20:14:09,Guest20867,ラインストーンの洗い方が気になります❤️,,,,
,20:14:16,まさちゃん,ラインストーンは取れやすいですか？,,,,
,20:14:21,Guest5112627329,スパンコールの荒い方教えて,,,,
,20:14:25,Guest6964893203,お湯入れて色変わるところがみたい,,,,
,20:14:31,Guest6183586432,猫ちゃんタンブラーにトイプーコースターのせられそうですか？,,,,
,20:14:35,Guest2223176985,スタバタンブラーやボトルはラテ入れても大丈夫？,,,,
,20:15:06,いちご23090,ラインストーンの蓋固くないか見たかった,,,,
,20:15:25,Guest3427412813,いつになったら,,,,
,20:15:41,Guest2246936549,新しいプロモかな,,,,
,20:15:48,Guest4510782612,まだリユーザブルありました,,,,
FALSE,,,,,,,
FALSE,,,,,,,
FALSE,,,,,,,
FALSE,,,,,,,
FALSE,,,,,,,
FALSE,,,,,,,
FALSE,,,,,,,
FALSE,,,,,,,
FALSE,,,,,,,
FALSE,,,,,,,
FALSE,,,,,,,
FALSE,,,,,,,
FALSE,,,,,,,
FALSE,,,,,,,
FALSE,,,,,,,
FALSE,,,,,,,
FALSE,,,,,,,
FALSE,,,,,,,
FALSE,,,,,,,
FALSE,,,,,,,
FALSE,,,,,,,
FALSE,,,,,,,
FALSE,,,,,,,
FALSE,,,,,,,
FALSE,,,,,,,
FALSE,,,,,,,
FALSE,,,,,,,
FALSE,,,,,,,
FALSE,,,,,,,
FALSE,,,,,,,
FALSE,,,,,,,
FALSE,,,,,,,
FALSE,,,,,,,
FALSE,,,,,,,
FALSE,,,,,,,
FALSE,,,,,,,
FALSE,,,,,,,
FALSE,,,,,,,
FALSE,,,,,,,
FALSE,,,,,,,
FALSE,,,,,,,
FALSE,,,,,,,
FALSE,,,,,,,
FALSE,,,,,,,
FALSE,,,,,,,
FALSE,,,,,,,
FALSE,,,,,,,
FALSE,,,,,,,
FALSE,,,,,,,
FALSE,,,,,,,
FALSE,,,,,,,
FALSE,,,,,,,
FALSE,,,,,,,
FALSE,,,,,,,
FALSE,,,,,,,
FALSE,,,,,,,
FALSE,,,,,,,
FALSE,,,,,,,
FALSE,,,,,,,
FALSE,,,,,,,
FALSE,,,,,,,
FALSE,,,,,,,
FALSE,,,,,,,